books,writter,content
fidelis the webdev,fidelis,fidelis is a web developer who worked and studied hard
uzor the shoe maker,emeka,uzor was a shoe make who did not always want to give his wife money but gave his side chick
let me die alone,hasmine,and mary said instaed of you killing me let me die alone
lion and jewel,williams,finally after the animals finished their meeting the conculded the liojn should be the knig
rich dad poordad,robert,make money befor money make you. work hard and build the future
tears of joy,jessica,money is not every thing rather joy is. note and learn from it
jasmine,fidelis,jasmine is a flower and its also a unique tea
the bad man,emeka,the bad man was an evil man who died a painful death
the woman king,disney,long time ago......................... and she was crowned the first woman king in the kingdom
